Event,a,b,c
100 metres,25.4347,18.00,1.81
Long Jump,0.14354,220.00,1.40
Shot Put,51.39,1.50,1.05
High Jump,0.8465,75.00,1.42
400 metres,1.53775,82.00,1.81
110 metres Hurdles,5.74352,28.50,1.92
Discus Throw,12.91,4.00,1.10
Pole Vault,0.2797,100.00,1.35
Javelin Throw,10.14,7.00,1.08
"1,500 metres",0.03768,480.00,1.85
